城市,健壮性积分(R_bc),网络显著崩溃比例(q)
Chengdu,0.16651753415300538,0.22
Dalian,0.11238902976846739,0.12
Dongguan,0.14587620264582082,0.2
Harbin,0.13571512305397596,0.03
Qingdao,0.14057234237800487,0.19
Quanzhou,0.14389456981664311,0.16
Shenyang,0.18436990384615376,0.27
Zhengzhou,0.16472830713817938,0.22
