城市,健壮性积分(R_bc),网络显著崩溃比例(q)
Chengdu,0.16639956967213113,0.2
Dalian,0.11293866593164276,0.11
Dongguan,0.1458115003006615,0.21
Harbin,0.13596482940244245,0.06
Qingdao,0.13998940729811438,0.19
Quanzhou,0.14390415638222842,0.21
Shenyang,0.18467445384615389,0.26
Zhengzhou,0.1648644973804846,0.2
