City,R_before,R_after,n_added,total_cost_m,status
Zhengzhou,0.0479344029687841,0.052877646802008314,40,51411.7644727637,met
