City,R_before,R_after,n_added,total_cost_m,status
Zhengzhou,0.0479344029687841,0.05364385505348179,100,271707.1873238959,met
