City,"R_k(1,1)","R_k(1,2)","R_k(2,1)","R_k(2,2)","R_k(3,3)"
Chengdu,0.042384,0.034358,0.034337,0.034337,0.021215
Dalian,0.032634,0.024339,0.024327,0.024327,0.016326
Dongguan,0.039827,0.030127,0.03008,0.03008,0.019927
Harbin,0.038611,0.029438,0.029257,0.029257,0.019308
Qingdao,0.038135,0.028551,0.028519,0.028519,0.01908
Quanzhou,0.043692,0.033229,0.033218,0.033218,0.021884
Shenyang,0.050384,0.040581,0.040532,0.040532,0.025256
Zhengzhou,0.050383,0.039629,0.039519,0.039519,0.025238
